file,source,map_name,game_mode,qqt_id,h,w,n_players,wall,brick,overhead,pushable,crate_rate,crate_coverage,music,background,sprites,init_bombs,init_blast,init_speed
level_0000.pt,contest01_8.map,比赛01,比武(match),4001,13,15,8,93,70,0,0,0.505102,1.0,res/wall/比武/M15.OGG,res/wall/比武/bw.png,0,3,3,1.3
level_0001.pt,contest02_8.map,比赛02,比武(match),4002,13,15,8,10,134,0,26,0.263859,1.0,res/wall/沙漠/desert.ogg,res/wall/沙漠/shamo.png,0,3,3,1.3
level_0002.pt,desert01_4.map,沙漠01,普通(normal),301,13,15,4,40,71,4,0,0.663984,1.0,res/wall/沙漠/desert.ogg,res/wall/沙漠/shamo.png,0,2,2,1.3
level_0003.pt,desert02_4.map,沙漠02,普通(normal),302,13,15,4,36,84,3,20,0.561224,1.0,res/wall/沙漠/desert.ogg,res/wall/沙漠/shamo.png,0,2,2,1.3
level_0004.pt,desert03_4.map,沙漠03,普通(normal),303,13,15,4,8,95,0,8,0.496241,1.0,res/wall/沙漠/desert.ogg,res/wall/沙漠/shamo.png,0,2,2,1.3
level_0005.pt,desert04_8.map,沙漠04(道具场),普通(normal),318,13,15,8,53,56,12,9,0.841837,1.0,res/wall/沙漠/desert.ogg,res/wall/沙漠/shamo.png,0,2,2,1.3
level_0006.pt,desert05_8.map,沙漠05,普通(normal),305,13,15,8,42,119,10,0,0.396158,1.0,res/wall/沙漠/desert.ogg,res/wall/沙漠/shamo.png,0,2,2,1.3
level_0007.pt,desert06_8.map,沙漠06,普通(normal),306,13,15,8,60,88,0,0,0.535714,1.0,res/wall/沙漠/desert.ogg,res/wall/沙漠/shamo.png,0,2,2,1.3
level_0008.pt,desert07_4.map,沙漠07,普通(normal),307,13,15,4,14,98,0,0,0.48105,1.0,res/wall/沙漠/desert.ogg,res/wall/沙漠/shamo.png,0,2,2,1.3
level_0009.pt,desert08_6.map,沙漠08,普通(normal),308,13,15,6,46,83,4,10,0.567986,1.0,res/wall/沙漠/desert.ogg,res/wall/沙漠/shamo.png,0,2,2,1.3
level_0010.pt,desert09_8.map,沙漠09/(无变身),普通(normal),316,13,15,8,50,104,1,18,0.453297,1.0,res/wall/沙漠/desert.ogg,res/wall/沙漠/shamo.png,0,2,2,1.3
level_0011.pt,desert10_8.map,沙漠10,普通(normal),310,13,15,8,1,74,0,0,0.637066,1.0,res/wall/沙漠/desert.ogg,res/wall/沙漠/shamo.png,0,2,2,1.3
level_0012.pt,desert11_8.map,爱的考验/(无变身),普通(normal),315,13,15,8,10,134,0,26,0.351812,1.0,res/wall/沙漠/desert.ogg,res/wall/沙漠/shamo.png,0,2,2,1.3
level_0013.pt,desert12_8.map,牵手季节,普通(normal),312,13,15,8,11,107,0,19,0.440587,1.0,res/wall/沙漠/desert.ogg,res/wall/沙漠/shamo.png,0,2,2,1.3
level_0014.pt,desert13_8.map,双双对对,普通(normal),313,13,15,4,8,103,0,0,0.457698,1.0,res/wall/沙漠/desert.ogg,res/wall/沙漠/shamo.png,0,2,2,1.3
level_0015.pt,desert14_8.map,心之懵懂,普通(normal),314,13,15,6,12,123,0,0,0.383275,1.0,res/wall/沙漠/desert.ogg,res/wall/沙漠/shamo.png,0,2,2,1.3
level_0016.pt,desert15_8.map,沙漠15,普通(normal),317,13,15,8,15,106,6,31,0.444744,1.0,res/wall/沙漠/desert.ogg,res/wall/沙漠/shamo.png,0,2,2,1.3
level_0017.pt,desert16_8.map,心心相印,普通(normal),319,13,15,8,5,99,0,28,0.47619,1.0,res/wall/沙漠/desert.ogg,res/wall/沙漠/shamo.png,0,2,2,1.3
level_0018.pt,desert17_8.map,大风车,普通(normal),320,13,15,8,1,162,0,90,0.291005,1.0,res/wall/沙漠/desert.ogg,res/wall/沙漠/shamo.png,0,2,2,1.3
level_0019.pt,desert18_8.map,方型沙漠,普通(normal),321,13,15,8,0,73,7,13,0.645793,1.0,res/wall/沙漠/desert.ogg,res/wall/沙漠/shamo.png,0,2,2,1.3
level_0020.pt,desert19_6.map,两情相愿,普通(normal),322,13,15,6,12,76,0,40,0.620301,1.0,res/wall/沙漠/desert.ogg,res/wall/沙漠/shamo.png,0,2,2,1.3
level_0021.pt,desert20_8.map,沙漠之洲,普通(normal),323,13,15,8,14,79,14,6,0.596745,1.0,res/wall/沙漠/desert.ogg,res/wall/沙漠/shamo.png,0,2,2,1.3
level_0022.pt,desert21_8.map,QQ堂沙漠之旅,普通(normal),324,13,15,8,18,89,6,23,0.529695,1.0,res/wall/沙漠/desert.ogg,res/wall/沙漠/shamo.png,0,2,2,1.3
level_0023.pt,desert22_8.map,针锋相对,普通(normal),325,13,15,8,4,72,0,46,0.654762,1.0,res/wall/沙漠/desert.ogg,res/wall/沙漠/shamo.png,0,2,2,1.3
level_0024.pt,desert26_6.map,双喜临堂,普通(normal),326,13,15,6,8,100,4,4,0.471429,1.0,res/wall/沙漠/desert.ogg,res/wall/沙漠/shamo.png,0,2,2,1.3
level_0025.pt,desert27_8.map,无限进攻,普通(normal),327,13,15,8,5,74,0,14,0.637066,1.0,res/wall/沙漠/desert.ogg,res/wall/沙漠/shamo.png,0,2,2,1.3
level_0026.pt,desert28_8.map,沙漠大迷宫,普通(normal),328,13,15,8,13,78,24,21,0.604396,1.0,res/wall/沙漠/desert.ogg,res/wall/沙漠/shamo.png,0,2,2,1.3
level_0027.pt,desert29_8.map,男左女右,普通(normal),329,13,15,8,3,100,0,46,0.471429,1.0,res/wall/沙漠/desert.ogg,res/wall/沙漠/shamo.png,0,2,2,1.3
level_0028.pt,field01_4.map,野外01,普通(normal),101,13,15,4,15,78,40,0,0.604396,1.0,res/wall/野外/field.ogg,res/wall/野外/yw.PNG,0,2,2,1.3
level_0029.pt,field02_6.map,野外02,普通(normal),102,13,15,6,52,77,4,0,0.612245,1.0,res/wall/野外/field.ogg,res/wall/野外/yw.PNG,0,2,2,1.3
level_0030.pt,field03_8.map,野外03,普通(normal),103,13,15,8,39,84,17,0,0.561224,1.0,res/wall/野外/field.ogg,res/wall/野外/yw.PNG,0,2,2,1.3
level_0031.pt,field04_8.map,野外04,普通(normal),104,13,15,8,61,42,44,0,1.0,0.890909,res/wall/野外/field.ogg,res/wall/野外/yw.PNG,0,3,3,1.3
level_0032.pt,field05_8.map,野外05,普通(normal),105,13,15,8,18,90,51,0,0.52381,1.0,res/wall/野外/field.ogg,res/wall/野外/yw.PNG,0,2,2,1.3
level_0033.pt,field06_8.map,野外06,普通(normal),106,13,15,8,39,105,0,0,0.44898,1.0,res/wall/野外/field.ogg,res/wall/野外/yw.PNG,0,2,2,1.3
level_0034.pt,field07_8.map,野外07,普通(normal),107,13,15,8,56,109,0,0,0.432503,1.0,res/wall/野外/field.ogg,res/wall/野外/yw.PNG,0,2,2,1.3
level_0035.pt,field08_8.map,野外08,普通(normal),108,13,15,8,28,121,22,0,0.38961,1.0,res/wall/野外/field.ogg,res/wall/野外/yw.PNG,0,2,2,1.3
level_0036.pt,field09_8.map,野外09,普通(normal),109,13,15,8,40,85,40,0,0.554622,1.0,res/wall/野外/field.ogg,res/wall/野外/yw.PNG,0,2,2,1.3
level_0037.pt,field10_8.map,野外10,普通(normal),110,13,15,8,59,64,36,0,0.736607,1.0,res/wall/野外/field.ogg,res/wall/野外/yw.PNG,0,2,2,1.3
level_0038.pt,field11_8.map,野外11,普通(normal),111,13,15,8,34,80,38,0,0.589286,1.0,res/wall/野外/field.ogg,res/wall/野外/yw.PNG,0,2,2,1.3
level_0039.pt,field12_8.map,猫之森林,普通(normal),112,13,15,8,10,34,111,0,1.0,0.721212,res/wall/野外/field.ogg,res/wall/野外/yw.PNG,0,3,3,1.3
level_0040.pt,field13_8.map,野外传送带,普通(normal),113,13,15,8,18,95,21,0,0.496241,1.0,res/wall/野外/field.ogg,res/wall/野外/yw.PNG,0,2,2,1.3
level_0041.pt,field14_8.map,野外14,普通(normal),114,13,15,8,34,63,26,0,0.748299,1.0,res/wall/野外/field.ogg,res/wall/野外/yw.PNG,0,2,2,1.3
level_0042.pt,field15_8.map,野外15,普通(normal),115,13,15,8,49,77,32,0,0.612245,1.0,res/wall/野外/field.ogg,res/wall/野外/yw.PNG,0,2,2,1.3
level_0043.pt,field16_8.map,野外16,普通(normal),116,13,15,8,44,9,64,0,1.0,0.190909,res/wall/野外/field.ogg,res/wall/野外/yw.PNG,0,3,3,1.3
level_0044.pt,field17_8.map,野外17,普通(normal),117,13,15,8,0,74,62,0,0.637066,1.0,res/wall/野外/field.ogg,res/wall/野外/yw.PNG,0,2,2,1.3
level_0045.pt,field18_8.map,脉动修正版,普通(normal),118,13,15,8,10,92,85,0,0.512422,1.0,res/wall/野外/field.ogg,res/wall/野外/yw.PNG,0,2,2,1.3
level_0046.pt,field19_8.map,传统炸弹人,普通(normal),119,13,15,8,42,103,0,0,0.457698,1.0,res/wall/野外/field.ogg,res/wall/野外/yw.PNG,0,2,2,1.3
level_0047.pt,field20_8.map,QQ森林,普通(normal),120,13,15,8,13,87,12,0,0.541872,1.0,res/wall/野外/field.ogg,res/wall/野外/yw.PNG,0,2,2,1.3
level_0048.pt,field21_8.map,迷宫,普通(normal),121,13,15,4,18,79,36,0,0.596745,1.0,res/wall/野外/field.ogg,res/wall/野外/yw.PNG,0,2,2,1.3
level_0049.pt,field22_8.map,林中小屋,普通(normal),122,13,15,8,31,112,20,0,0.420918,1.0,res/wall/野外/field.ogg,res/wall/野外/yw.PNG,0,2,2,1.3
level_0050.pt,field23_8.map,野外(精典),普通(normal),123,13,15,8,24,81,44,0,0.582011,1.0,res/wall/野外/field.ogg,res/wall/野外/yw.PNG,0,2,2,1.3
level_0051.pt,field24_4.map,鸟语花香,普通(normal),124,13,15,4,12,59,40,0,0.799031,1.0,res/wall/野外/field.ogg,res/wall/野外/yw.PNG,0,2,2,1.3
level_0052.pt,field25_4.map,野外迷宫,普通(normal),125,13,15,4,4,96,74,0,0.491071,1.0,res/wall/野外/field.ogg,res/wall/野外/yw.PNG,0,2,2,1.3
level_0053.pt,field26_4.map,野外的风车,普通(normal),126,13,15,4,10,63,50,0,0.748299,1.0,res/wall/野外/field.ogg,res/wall/野外/yw.PNG,0,2,2,1.3
level_0054.pt,field27_8.map,年年有鱼,普通(normal),127,13,15,8,6,92,73,0,0.512422,1.0,res/wall/野外/field.ogg,res/wall/野外/yw.PNG,0,2,2,1.3
level_0055.pt,field28_4.map,士兵突击,普通(normal),128,13,15,4,5,112,44,0,0.420918,1.0,res/wall/野外/field.ogg,res/wall/野外/yw.PNG,0,2,2,1.3
level_0056.pt,match01_2.map,比武01/(无变身),比武(match),1011,13,15,2,91,80,0,0,0.441964,1.0,res/wall/比武/M15.OGG,res/wall/比武/bw.png,0,3,3,1.3
level_0057.pt,match02_2.map,比武02,比武(match),1002,13,15,2,91,62,0,0,0.570276,1.0,res/wall/比武/M15.OGG,res/wall/比武/bw.png,0,3,3,1.3
level_0058.pt,match03_4.map,比武03,比武(match),1003,13,15,4,91,80,0,0,0.441964,1.0,res/wall/比武/M15.OGG,res/wall/比武/bw.png,0,3,3,1.3
level_0059.pt,match04_4.map,比武04,比武(match),1004,13,15,4,91,72,0,0,0.491071,1.0,res/wall/比武/M15.OGG,res/wall/比武/bw.png,0,3,3,1.3
level_0060.pt,match05_6.map,比武05,比武(match),1005,13,15,6,91,62,0,0,0.570276,1.0,res/wall/比武/M15.OGG,res/wall/比武/bw.png,0,3,3,1.3
level_0061.pt,match06_6.map,比武06,比武(match),1006,13,15,6,97,72,0,0,0.491071,1.0,res/wall/比武/M15.OGG,res/wall/比武/bw.png,0,3,3,1.3
level_0062.pt,match07_8.map,比武07,比武(match),1007,13,15,8,93,56,0,0,0.631378,1.0,res/wall/比武/M15.OGG,res/wall/比武/bw.png,0,3,3,1.3
level_0063.pt,match08_8.map,比武08,比武(match),1008,13,15,8,95,42,0,0,0.841837,1.0,res/wall/比武/M15.OGG,res/wall/比武/bw.png,0,3,3,1.3
level_0064.pt,match09_8.map,比武09/(无变身),比武(match),1012,13,15,8,93,70,0,0,0.505102,1.0,res/wall/比武/M15.OGG,res/wall/比武/bw.png,0,3,3,1.3
level_0065.pt,match10_8.map,比武10,比武(match),1010,13,15,8,98,48,0,0,0.736607,1.0,res/wall/比武/M15.OGG,res/wall/比武/bw.png,0,3,3,1.3
level_0066.pt,match11_8.map,比武11,比武(match),1013,13,15,8,96,55,0,0,0.642857,1.0,res/wall/比武/M15.OGG,res/wall/比武/bw.png,0,3,3,1.3
level_0067.pt,match12_8.map,比武12,比武(match),1014,13,15,8,93,42,0,0,0.841837,1.0,res/wall/比武/M15.OGG,res/wall/比武/bw.png,0,3,3,1.3
level_0068.pt,match13_8.map,比武13,比武(match),1015,13,15,8,97,52,0,0,0.679945,1.0,res/wall/比武/M15.OGG,res/wall/比武/bw.png,0,3,3,1.3
level_0069.pt,match14_6.map,比武14,比武(match),1016,13,15,8,109,50,0,0,0.707143,1.0,res/wall/比武/M15.OGG,res/wall/比武/bw.png,0,3,3,1.3
level_0070.pt,match15_6.map,比武15,比武(match),1017,13,15,8,97,60,0,0,0.589286,1.0,res/wall/比武/M15.OGG,res/wall/比武/bw.png,0,3,3,1.3
level_0071.pt,match16_8.map,比武16,比武(match),1018,13,15,8,97,30,0,0,1.0,0.848485,res/wall/比武/M15.OGG,res/wall/比武/bw.png,0,3,3,1.3
level_0072.pt,match17_8.map,比武17,比武(match),1019,13,15,8,97,62,0,0,0.570276,1.0,res/wall/比武/M15.OGG,res/wall/比武/bw.png,0,3,3,1.3
level_0073.pt,match18_8.map,比武18,比武(match),1020,13,15,8,99,46,0,0,0.768634,1.0,res/wall/比武/M15.OGG,res/wall/比武/bw.png,0,3,3,1.3
level_0074.pt,match19_6.map,隧道比武,比武(match),1021,13,15,6,8,82,0,0,0.431185,1.0,res/wall/比武/M15.OGG,res/wall/比武/bw.png,0,3,3,1.3
level_0075.pt,match20_4.map,太极,比武(match),1022,13,15,4,91,76,0,0,0.465226,1.0,res/wall/比武/M15.OGG,res/wall/比武/bw.png,0,3,3,1.3
level_0076.pt,match21_4.map,新的开始!新的决斗!,比武(match),1023,13,15,4,91,48,0,0,0.736607,1.0,res/wall/比武/M15.OGG,res/wall/比武/bw.png,0,3,3,1.3
level_0077.pt,match22_4.map,皇家比武场,比武(match),1024,13,15,4,126,34,0,0,1.0,0.961616,res/wall/比武/M15.OGG,res/wall/比武/bw.png,0,3,3,1.3
level_0078.pt,match23_8.map,比武23,比武(match),1025,13,15,8,95,68,0,0,0.519958,1.0,res/wall/比武/M15.OGG,res/wall/比武/bw.png,0,3,3,1.3
level_0079.pt,match24_8.map,武林高手,比武(match),1026,13,15,8,99,54,0,0,0.654762,1.0,res/wall/比武/M15.OGG,res/wall/比武/bw.png,0,3,3,1.3
level_0080.pt,mine01_4.map,矿洞01,普通(normal),401,13,15,4,16,59,0,0,0.799031,1.0,res/wall/矿洞/mine.ogg,res/wall/矿洞/kd.png,0,2,2,1.3
level_0081.pt,mine02_4.map,矿洞02,普通(normal),402,13,15,4,1,79,0,0,0.596745,1.0,res/wall/矿洞/mine.ogg,res/wall/矿洞/kd.png,0,2,2,1.3
level_0082.pt,mine03_4.map,矿洞03,普通(normal),403,13,15,4,22,54,0,0,0.873016,1.0,res/wall/矿洞/mine.ogg,res/wall/矿洞/kd.png,0,2,2,1.3
level_0083.pt,mine04_8.map,矿洞04,普通(normal),404,13,15,8,24,111,0,0,0.42471,1.0,res/wall/矿洞/mine.ogg,res/wall/矿洞/kd.png,0,2,2,1.3
level_0084.pt,mine05_8.map,矿洞05,普通(normal),405,13,15,8,28,91,0,0,0.518053,1.0,res/wall/矿洞/mine.ogg,res/wall/矿洞/kd.png,0,2,2,1.3
level_0085.pt,mine06_8.map,矿洞06,普通(normal),406,13,15,8,1,60,0,0,0.785714,1.0,res/wall/矿洞/mine.ogg,res/wall/矿洞/kd.png,0,2,2,1.3
level_0086.pt,mine07_8.map,矿洞07,普通(normal),407,13,15,8,37,79,0,0,0.596745,1.0,res/wall/矿洞/mine.ogg,res/wall/矿洞/kd.png,0,2,2,1.3
level_0087.pt,mine08_8.map,矿洞08,普通(normal),408,13,15,8,21,63,0,0,0.748299,1.0,res/wall/矿洞/mine.ogg,res/wall/矿洞/kd.png,0,2,2,1.3
level_0088.pt,mine09_8.map,矿洞09,普通(normal),409,13,15,8,35,72,0,0,0.654762,1.0,res/wall/矿洞/mine.ogg,res/wall/矿洞/kd.png,0,2,2,1.3
level_0089.pt,mine10_4.map,矿洞10,普通(normal),410,13,15,4,3,64,0,0,0.736607,1.0,res/wall/矿洞/mine.ogg,res/wall/矿洞/kd.png,0,2,2,1.3
level_0090.pt,mine11_8.map,矿洞11,普通(normal),411,13,15,8,12,62,0,0,0.760369,1.0,res/wall/矿洞/mine.ogg,res/wall/矿洞/kd.png,0,2,2,1.3
level_0091.pt,mine12_8.map,矿洞12,普通(normal),412,13,15,8,1,81,0,0,0.582011,1.0,res/wall/矿洞/mine.ogg,res/wall/矿洞/kd.png,0,2,2,1.3
level_0092.pt,mine13_8.map,矿洞13,普通(normal),413,13,15,8,23,109,0,0,0.432503,1.0,res/wall/矿洞/mine.ogg,res/wall/矿洞/kd.png,0,2,2,1.3
level_0093.pt,mine14_8.map,矿洞14,普通(normal),414,13,15,8,34,87,0,0,0.541872,1.0,res/wall/矿洞/mine.ogg,res/wall/矿洞/kd.png,0,2,2,1.3
level_0094.pt,mine15_8.map,矿洞15,普通(normal),415,13,15,8,16,112,0,0,0.420918,1.0,res/wall/矿洞/mine.ogg,res/wall/矿洞/kd.png,0,2,2,1.3
level_0095.pt,mine16_4.map,无聊系列之6矿洞,普通(normal),416,13,15,4,24,66,0,0,0.714286,1.0,res/wall/矿洞/mine.ogg,res/wall/矿洞/kd.png,0,2,2,1.3
level_0096.pt,mine17_8.map,勇士之心,普通(normal),417,13,15,8,18,90,0,0,0.52381,1.0,res/wall/矿洞/mine.ogg,res/wall/矿洞/kd.png,0,2,2,1.3
level_0097.pt,mine18_8.map,大小不一,普通(normal),418,13,15,4,8,117,0,0,0.40293,1.0,res/wall/矿洞/mine.ogg,res/wall/矿洞/kd.png,0,2,2,1.3
level_0098.pt,mine19_8.map,矿洞007,普通(normal),419,13,15,8,3,68,0,0,0.693277,1.0,res/wall/矿洞/mine.ogg,res/wall/矿洞/kd.png,0,2,2,1.3
level_0099.pt,mine20_4.map,矿洞20,普通(normal),420,13,15,4,20,88,0,0,0.535714,1.0,res/wall/矿洞/mine.ogg,res/wall/矿洞/kd.png,0,2,2,1.3
level_0100.pt,mine21_8.map,惊险矿洞,普通(normal),421,13,15,8,21,104,0,0,0.453297,1.0,res/wall/矿洞/mine.ogg,res/wall/矿洞/kd.png,0,2,2,1.3
level_0101.pt,mine22_4.map,极速夺宝(无变身),普通(normal),422,13,15,4,0,102,0,0,0.462185,1.0,res/wall/矿洞/mine.ogg,res/wall/矿洞/kd.png,0,2,2,1.3
level_0102.pt,mine23_8.map,寻宝奇兵,普通(normal),423,13,15,8,8,117,0,0,0.40293,1.0,res/wall/矿洞/mine.ogg,res/wall/矿洞/kd.png,0,2,2,1.3
level_0103.pt,mine24_8.map,寻宝系列之08(你发),普通(normal),424,13,15,8,22,113,0,0,0.417193,1.0,res/wall/矿洞/mine.ogg,res/wall/矿洞/kd.png,0,2,2,1.3
level_0104.pt,mine25_4.map,十字架,普通(normal),425,13,15,4,10,92,0,0,0.512422,1.0,res/wall/矿洞/mine.ogg,res/wall/矿洞/kd.png,0,2,2,1.3
level_0105.pt,mine26_8.map,只为寻宝,普通(normal),426,13,15,8,9,86,0,0,0.548173,1.0,res/wall/矿洞/mine.ogg,res/wall/矿洞/kd.png,0,2,2,1.3
level_0106.pt,pig01_4.map,功夫01,普通(normal),901,13,15,4,35,55,2,18,0.857143,1.0,res/wall/功夫/match.ogg,res/wall/功夫/gf.PNG,0,2,2,1.3
level_0107.pt,pig02_6.map,功夫02,普通(normal),902,13,15,6,44,80,1,12,0.589286,1.0,res/wall/功夫/match.ogg,res/wall/功夫/gf.PNG,0,2,2,1.3
level_0108.pt,pig03_8.map,功夫03,普通(normal),903,13,15,8,31,71,2,17,0.663984,1.0,res/wall/功夫/match.ogg,res/wall/功夫/gf.PNG,0,2,2,1.3
level_0109.pt,pig04_8.map,功夫04,普通(normal),904,13,15,8,42,122,2,44,0.386417,1.0,res/wall/功夫/match.ogg,res/wall/功夫/gf.PNG,0,2,2,1.3
level_0110.pt,pig05_8.map,功夫05(道具场),普通(normal),912,13,15,8,32,65,1,0,0.725275,1.0,res/wall/功夫/match.ogg,res/wall/功夫/gf.PNG,0,2,2,1.3
level_0111.pt,pig06_8.map,功夫06,普通(normal),906,13,15,8,50,95,0,78,0.496241,1.0,res/wall/功夫/match.ogg,res/wall/功夫/gf.PNG,0,2,2,1.3
level_0112.pt,pig07_8.map,功夫07,普通(normal),907,13,15,8,73,78,3,63,0.604396,1.0,res/wall/功夫/match.ogg,res/wall/功夫/gf.PNG,0,2,2,1.3
level_0113.pt,pig08_8.map,功夫08,普通(normal),908,13,15,8,89,82,0,66,0.574913,1.0,res/wall/功夫/match.ogg,res/wall/功夫/gf.PNG,0,2,2,1.3
level_0114.pt,pig09_8.map,功夫09,普通(normal),909,13,15,8,87,73,3,34,0.645793,1.0,res/wall/功夫/match.ogg,res/wall/功夫/gf.PNG,0,2,2,1.3
level_0115.pt,pig10_8.map,功夫10,普通(normal),910,13,15,8,7,95,8,95,0.496241,1.0,res/wall/功夫/match.ogg,res/wall/功夫/gf.PNG,0,2,2,1.3
level_0116.pt,pig11_8.map,猪笼寨攻防战,普通(normal),911,13,15,8,38,59,2,59,0.799031,1.0,res/wall/功夫/match.ogg,res/wall/功夫/gf.PNG,0,2,2,1.3
level_0117.pt,pig12_8.map,心心相连,普通(normal),913,13,15,8,1,100,0,26,0.471429,1.0,res/wall/功夫/match.ogg,res/wall/功夫/gf.PNG,0,2,2,1.3
level_0118.pt,pig13_8.map,真功夫,普通(normal),914,13,15,8,22,52,0,16,0.906593,1.0,res/wall/功夫/match.ogg,res/wall/功夫/gf.PNG,0,2,2,1.3
level_0119.pt,pig14_6.map,奇幻,普通(normal),915,13,15,6,4,113,0,22,0.417193,1.0,res/wall/功夫/match.ogg,res/wall/功夫/gf.PNG,0,2,2,1.3
level_0120.pt,pig15_8.map,谁主沉浮,普通(normal),916,13,15,8,4,140,0,14,0.336735,1.0,res/wall/功夫/match.ogg,res/wall/功夫/gf.PNG,0,2,2,1.3
level_0121.pt,pig16_4.map,双斧猪笼寨,普通(normal),917,13,15,4,16,88,4,29,0.535714,1.0,res/wall/功夫/match.ogg,res/wall/功夫/gf.PNG,0,2,2,1.3
level_0122.pt,pig17_8.map,中国功夫,普通(normal),918,13,15,8,24,88,1,70,0.535714,1.0,res/wall/功夫/match.ogg,res/wall/功夫/gf.PNG,0,2,2,1.3
level_0123.pt,pig18_4.map,卡 BOSS,普通(normal),919,13,15,4,32,69,2,46,0.68323,1.0,res/wall/功夫/match.ogg,res/wall/功夫/gf.PNG,0,2,2,1.3
level_0124.pt,pig20_8.map,家族训练图,普通(normal),920,13,15,8,10,117,0,41,0.40293,1.0,res/wall/功夫/match.ogg,res/wall/功夫/gf.PNG,0,2,2,1.3
level_0125.pt,pig21_4.map,各家有井,普通(normal),921,13,15,4,10,71,0,24,0.663984,1.0,res/wall/功夫/match.ogg,res/wall/功夫/gf.PNG,0,2,2,1.3
level_0126.pt,pig22_4.map,功夫养猪户,普通(normal),922,13,15,4,28,98,2,44,0.48105,1.0,res/wall/功夫/match.ogg,res/wall/功夫/gf.PNG,0,2,2,1.3
level_0127.pt,pig23_8.map,如来神掌,普通(normal),923,13,15,8,44,80,0,54,0.589286,1.0,res/wall/功夫/match.ogg,res/wall/功夫/gf.PNG,0,2,2,1.3
level_0128.pt,snow01_4.map,雪地01,普通(normal),501,13,15,4,56,66,0,22,0.714286,1.0,res/wall/雪地/snow.ogg,res/wall/雪地/xd.png,0,2,2,1.3
level_0129.pt,snow02_6.map,雪地02,普通(normal),502,13,15,6,59,70,0,41,0.673469,1.0,res/wall/雪地/snow.ogg,res/wall/雪地/xd.png,0,2,2,1.3
level_0130.pt,snow03_8.map,雪地03,普通(normal),503,13,15,8,69,78,0,15,0.604396,1.0,res/wall/雪地/snow.ogg,res/wall/雪地/xd.png,0,2,2,1.3
level_0131.pt,snow04_8.map,雪地04,普通(normal),504,13,15,8,56,86,0,23,0.548173,1.0,res/wall/雪地/snow.ogg,res/wall/雪地/xd.png,0,2,2,1.3
level_0132.pt,snow05_8.map,雪地05,普通(normal),505,13,15,8,49,80,0,20,0.589286,1.0,res/wall/雪地/snow.ogg,res/wall/雪地/xd.png,0,2,2,1.3
level_0133.pt,snow06_8.map,雪地06,普通(normal),506,13,15,8,34,85,0,12,0.554622,1.0,res/wall/雪地/snow.ogg,res/wall/雪地/xd.png,0,2,2,1.3
level_0134.pt,snow07_8.map,雪地07,普通(normal),507,13,15,8,48,83,0,46,0.567986,1.0,res/wall/雪地/snow.ogg,res/wall/雪地/xd.png,0,2,2,1.3
level_0135.pt,snow08_8.map,雪地08(道具场),普通(normal),519,13,15,8,0,134,0,89,0.351812,1.0,res/wall/雪地/snow.ogg,res/wall/雪地/xd.png,0,2,2,1.3
level_0136.pt,snow09_8.map,雪地09,普通(normal),509,13,15,8,44,115,0,50,0.409938,1.0,res/wall/雪地/snow.ogg,res/wall/雪地/xd.png,0,2,2,1.3
level_0137.pt,snow10_8.map,雪地10,普通(normal),510,13,15,8,29,86,0,38,0.548173,1.0,res/wall/雪地/snow.ogg,res/wall/雪地/xd.png,0,2,2,1.3
level_0138.pt,snow11_8.map,雪中小屋,普通(normal),511,13,15,8,9,85,0,85,0.554622,1.0,res/wall/雪地/snow.ogg,res/wall/雪地/xd.png,0,2,2,1.3
level_0139.pt,snow12_8.map,雪地12,普通(normal),512,13,15,8,12,64,0,47,0.736607,1.0,res/wall/雪地/snow.ogg,res/wall/雪地/xd.png,0,2,2,1.3
level_0140.pt,snow13_8.map,美丽雪花,普通(normal),513,13,15,8,5,58,0,38,0.812808,1.0,res/wall/雪地/snow.ogg,res/wall/雪地/xd.png,0,2,2,1.3
level_0141.pt,snow14_8.map,冰天雪地,普通(normal),514,13,15,8,44,101,0,15,0.466761,1.0,res/wall/雪地/snow.ogg,res/wall/雪地/xd.png,0,2,2,1.3
level_0142.pt,snow15_8.map,独守一树,普通(normal),515,13,15,8,13,100,0,24,0.471429,1.0,res/wall/雪地/snow.ogg,res/wall/雪地/xd.png,0,2,2,1.3
level_0143.pt,snow16_8.map,雪地001,普通(normal),516,13,15,4,13,98,0,16,0.48105,1.0,res/wall/雪地/snow.ogg,res/wall/雪地/xd.png,0,2,2,1.3
level_0144.pt,snow17_8.map,雪人群,普通(normal),517,13,15,8,28,75,0,59,0.628571,1.0,res/wall/雪地/snow.ogg,res/wall/雪地/xd.png,0,2,2,1.3
level_0145.pt,snow18_8.map,雪之小区,普通(normal),518,13,15,8,50,97,0,33,0.486009,1.0,res/wall/雪地/snow.ogg,res/wall/雪地/xd.png,0,2,2,1.3
level_0146.pt,snow19_8.map,冰雪世界,普通(normal),520,13,15,8,16,84,0,56,0.561224,1.0,res/wall/雪地/snow.ogg,res/wall/雪地/xd.png,0,2,2,1.3
level_0147.pt,snow20_8.map,雪地20,普通(normal),521,13,15,8,15,102,0,102,0.462185,1.0,res/wall/雪地/snow.ogg,res/wall/雪地/xd.png,0,2,2,1.3
level_0148.pt,snow21_4.map,冰雪封情,普通(normal),522,13,15,4,28,77,0,32,0.612245,1.0,res/wall/雪地/snow.ogg,res/wall/雪地/xd.png,0,2,2,1.3
level_0149.pt,snow22_8.map,冰天雪地,普通(normal),523,13,15,8,13,92,0,56,0.512422,1.0,res/wall/雪地/snow.ogg,res/wall/雪地/xd.png,0,2,2,1.3
level_0150.pt,snow23_8.map,开心雪花,普通(normal),524,13,15,8,21,138,0,106,0.341615,1.0,res/wall/雪地/snow.ogg,res/wall/雪地/xd.png,0,2,2,1.3
level_0151.pt,snow24_6.map,水面之QQT,普通(normal),525,13,15,6,36,92,0,36,0.512422,1.0,res/wall/雪地/snow.ogg,res/wall/雪地/xd.png,0,2,2,1.3
level_0152.pt,town01_4.map,中国城01,普通(normal),201,13,15,4,66,78,0,21,0.604396,1.0,res/wall/中国城/town.ogg,res/wall/中国城/town.png,0,2,2,1.3
level_0153.pt,town02_4.map,中国城02,普通(normal),202,13,15,4,29,82,0,20,0.574913,1.0,res/wall/中国城/town.ogg,res/wall/中国城/town.png,0,2,2,1.3
level_0154.pt,town03_6.map,,普通(normal),0,13,15,6,61,81,0,7,0.582011,1.0,,res/wall/比武/bw.png,0,2,2,1.3
level_0155.pt,town04_8.map,中国城04,普通(normal),204,13,15,8,62,86,0,12,0.548173,1.0,res/wall/中国城/town.ogg,res/wall/中国城/town.png,0,2,2,1.3
level_0156.pt,town05_8.map,中国城05,普通(normal),205,13,15,8,64,75,0,19,0.628571,1.0,res/wall/中国城/town.ogg,res/wall/中国城/town.png,0,2,2,1.3
level_0157.pt,town06_8.map,中国城06,普通(normal),206,13,15,8,50,91,0,16,0.518053,1.0,res/wall/中国城/town.ogg,res/wall/中国城/town.png,0,2,2,1.3
level_0158.pt,town07_8.map,中国城07,普通(normal),207,13,15,8,59,66,2,21,0.714286,1.0,res/wall/中国城/town.ogg,res/wall/中国城/town.png,0,2,2,1.3
level_0159.pt,town08_8.map,中国城08,普通(normal),208,13,15,8,73,68,2,9,0.693277,1.0,res/wall/中国城/town.ogg,res/wall/中国城/town.png,0,2,2,1.3
level_0160.pt,town09_8.map,中国城09,普通(normal),209,13,15,8,68,73,0,16,0.645793,1.0,res/wall/中国城/town.ogg,res/wall/中国城/town.png,0,2,2,1.3
level_0161.pt,town10_8.map,中国城10,普通(normal),210,13,15,8,68,52,4,12,0.906593,1.0,res/wall/中国城/town.ogg,res/wall/中国城/town.png,0,2,2,1.3
level_0162.pt,town11_8.map,景阳岗,普通(normal),214,13,15,8,12,60,1,22,0.785714,1.0,res/wall/中国城/town.ogg,res/wall/中国城/town.png,0,2,2,1.3
level_0163.pt,town12_8.map,新年瑞兽(道具场),普通(normal),216,13,15,8,12,71,0,30,0.663984,1.0,res/wall/中国城/town.ogg,res/wall/中国城/town.png,0,2,2,1.3
level_0164.pt,town13_8.map,中国城13,普通(normal),213,13,15,8,100,67,0,12,0.703625,1.0,res/wall/中国城/town.ogg,res/wall/中国城/town.png,0,2,2,1.3
level_0165.pt,town14_8.map,中国城03,普通(normal),203,13,15,8,21,130,1,4,0.362637,1.0,res/wall/中国城/town.ogg,res/wall/中国城/town.png,0,2,2,1.3
level_0166.pt,town15_8.map,中国城15,普通(normal),215,13,15,8,54,98,9,4,0.48105,1.0,res/wall/中国城/town.ogg,res/wall/中国城/town.png,0,2,2,1.3
level_0167.pt,town16_8.map,黄金甲外城(道具场),普通(normal),219,13,15,8,40,89,2,0,0.529695,1.0,res/wall/中国城/town.ogg,res/wall/中国城/town.png,0,2,2,1.3
level_0168.pt,town17_8.map,黄金甲内城(道具场),普通(normal),220,13,15,8,23,88,0,0,0.535714,1.0,res/wall/中国城/town.ogg,res/wall/中国城/town.png,0,2,2,1.3
level_0169.pt,town18_8.map,永恒的见证,普通(normal),221,13,15,8,4,78,0,46,0.604396,1.0,res/wall/中国城/town.ogg,res/wall/中国城/town.png,0,2,2,1.3
level_0170.pt,town19_8.map,冰心城,普通(normal),222,13,15,8,5,106,0,40,0.444744,1.0,res/wall/中国城/town.ogg,res/wall/中国城/town.png,0,2,2,1.3
level_0171.pt,town20_8.map,城内大战,普通(normal),223,13,15,8,56,57,0,10,0.827068,1.0,res/wall/中国城/town.ogg,res/wall/中国城/town.png,0,2,2,1.3
level_0172.pt,town21_8.map,梅花,普通(normal),224,13,15,8,39,64,0,40,0.736607,1.0,res/wall/中国城/town.ogg,res/wall/中国城/town.png,0,2,2,1.3
level_0173.pt,town22_8.map,双子杀手,普通(normal),225,13,15,8,28,66,0,16,0.714286,1.0,res/wall/中国城/town.ogg,res/wall/中国城/town.png,0,2,2,1.3
level_0174.pt,town23_4.map,梦之旅,普通(normal),226,13,15,4,63,64,0,34,0.736607,1.0,res/wall/中国城/town.ogg,res/wall/中国城/town.png,0,2,2,1.3
level_0175.pt,town24_8.map,v段战斗图,普通(normal),227,13,15,8,5,96,0,46,0.491071,1.0,res/wall/中国城/town.ogg,res/wall/中国城/town.png,0,2,2,1.3
level_0176.pt,town28_8.map,乱战小区,普通(normal),228,13,15,8,8,110,1,60,0.428571,1.0,res/wall/中国城/town.ogg,res/wall/中国城/town.png,0,2,2,1.3
level_0177.pt,town29_4.map,泾渭分明,普通(normal),229,13,15,4,7,60,0,54,0.785714,1.0,res/wall/中国城/town.ogg,res/wall/中国城/town.png,0,2,2,1.3
level_0178.pt,town30_6.map,英语中国城,普通(normal),230,13,15,6,10,79,0,25,0.596745,1.0,res/wall/中国城/town.ogg,res/wall/中国城/town.png,0,2,2,1.3
level_0179.pt,town31_4.map,我们一起走过,普通(normal),231,13,15,4,8,95,0,46,0.496241,1.0,res/wall/中国城/town.ogg,res/wall/中国城/town.png,0,2,2,1.3
level_0180.pt,treasure01_4.map,夺宝01,夺宝(treasure),1101,13,15,4,2,96,5,52,0.491071,1.0,res/wall/夺宝/sculpture.ogg,res/wall/夺宝/db.png,0,2,2,1.3
level_0181.pt,treasure02_6.map,夺宝02,夺宝(treasure),1102,13,15,6,14,104,0,62,0.453297,1.0,res/wall/夺宝/sculpture.ogg,res/wall/夺宝/db.png,0,2,2,1.3
level_0182.pt,treasure03_8.map,夺宝03,夺宝(treasure),1103,13,15,8,29,98,0,38,0.48105,1.0,res/wall/夺宝/sculpture.ogg,res/wall/夺宝/db.png,0,2,2,1.3
level_0183.pt,treasure04_8.map,夺宝04,夺宝(treasure),1104,13,15,8,23,74,0,18,0.637066,1.0,res/wall/夺宝/sculpture.ogg,res/wall/夺宝/db.png,0,2,2,1.3
level_0184.pt,treasure05_8.map,夺宝05(道具场),夺宝(treasure),1114,13,15,8,17,100,0,44,0.471429,1.0,res/wall/夺宝/sculpture.ogg,res/wall/夺宝/db.png,0,2,2,1.3
level_0185.pt,treasure06_8.map,夺宝06,夺宝(treasure),1106,13,15,8,13,118,2,59,0.399516,1.0,res/wall/夺宝/sculpture.ogg,res/wall/夺宝/db.png,0,2,2,1.3
level_0186.pt,treasure07_8.map,夺宝07,夺宝(treasure),1107,13,15,8,34,112,2,55,0.420918,1.0,res/wall/夺宝/sculpture.ogg,res/wall/夺宝/db.png,0,2,2,1.3
level_0187.pt,treasure08_8.map,夺宝08,夺宝(treasure),1108,13,15,8,17,117,0,60,0.40293,1.0,res/wall/夺宝/sculpture.ogg,res/wall/夺宝/db.png,0,2,2,1.3
level_0188.pt,treasure09_8.map,夺宝09,夺宝(treasure),1109,13,15,8,41,96,0,32,0.491071,1.0,res/wall/夺宝/sculpture.ogg,res/wall/夺宝/db.png,0,2,2,1.3
level_0189.pt,treasure10_8.map,夺宝10,夺宝(treasure),1110,13,15,8,40,102,0,46,0.462185,1.0,res/wall/夺宝/sculpture.ogg,res/wall/夺宝/db.png,0,2,2,1.3
level_0190.pt,treasure11_8.map,夺宝11,夺宝(treasure),1111,13,15,8,13,88,0,0,0.535714,1.0,res/wall/夺宝/sculpture.ogg,res/wall/夺宝/db.png,0,2,2,1.3
level_0191.pt,treasure12_8.map,珍宝岛,夺宝(treasure),1112,13,15,8,52,85,4,44,0.554622,1.0,res/wall/夺宝/sculpture.ogg,res/wall/夺宝/db.png,0,2,2,1.3
level_0192.pt,treasure13_8.map,龙窟夺宝,夺宝(treasure),1113,13,15,8,19,108,4,76,0.436508,1.0,res/wall/夺宝/sculpture.ogg,res/wall/夺宝/db.png,0,2,2,1.3
level_0193.pt,treasure14_8.map,夺宝15,夺宝(treasure),1115,13,15,8,28,106,7,50,0.444744,1.0,res/wall/夺宝/sculpture.ogg,res/wall/夺宝/db.png,0,2,2,1.3
level_0194.pt,treasure15_6.map,夺宝城,夺宝(treasure),1116,13,15,6,14,105,0,46,0.44898,1.0,res/wall/夺宝/sculpture.ogg,res/wall/夺宝/db.png,0,2,2,1.3
level_0195.pt,treasure16_8.map,虎口脱险,夺宝(treasure),1117,13,15,8,32,97,8,34,0.486009,1.0,res/wall/夺宝/sculpture.ogg,res/wall/夺宝/db.png,0,2,2,1.3
level_0196.pt,treasure17_8.map,龙窟夺宝(新),夺宝(treasure),1118,13,15,8,29,104,0,44,0.453297,1.0,res/wall/夺宝/sculpture.ogg,res/wall/夺宝/db.png,0,2,2,1.3
level_0197.pt,treasure18_8.map,夺宝18,夺宝(treasure),1119,13,15,8,9,122,0,58,0.386417,1.0,res/wall/夺宝/sculpture.ogg,res/wall/夺宝/db.png,0,2,2,1.3
level_0198.pt,treasure19_4.map,宝石天下,夺宝(treasure),1120,13,15,4,17,106,2,56,0.444744,1.0,res/wall/夺宝/sculpture.ogg,res/wall/夺宝/db.png,0,2,2,1.3
level_0199.pt,treasure20_4.map,夺宝战神,夺宝(treasure),1121,13,15,4,45,106,0,62,0.444744,1.0,res/wall/夺宝/sculpture.ogg,res/wall/夺宝/db.png,0,2,2,1.3
level_0200.pt,treasure22_4.map,夺宝王城,夺宝(treasure),1122,13,15,4,5,97,2,53,0.486009,1.0,res/wall/夺宝/sculpture.ogg,res/wall/夺宝/db.png,0,2,2,1.3
level_0201.pt,treasure23_4.map,宝石守护像,夺宝(treasure),1123,13,15,4,12,104,1,60,0.453297,1.0,res/wall/夺宝/sculpture.ogg,res/wall/夺宝/db.png,0,2,2,1.3
level_0202.pt,treasure24_8.map,瞬杀狂魔,夺宝(treasure),1124,13,15,8,7,70,2,42,0.673469,1.0,res/wall/夺宝/sculpture.ogg,res/wall/夺宝/db.png,0,2,2,1.3
level_0203.pt,treasure25_4.map,珍宝岛(新),夺宝(treasure),1125,13,15,4,56,85,4,40,0.554622,1.0,res/wall/夺宝/sculpture.ogg,res/wall/夺宝/db.png,0,2,2,1.3
level_0204.pt,water01_4.map,水面01,普通(normal),1,13,15,4,41,62,18,0,0.760369,1.0,res/wall/水面/water.OGG,res/wall/水面/sm.png,0,2,2,1.3
level_0205.pt,water02_4.map,水面02,普通(normal),2,13,15,4,24,96,1,0,0.491071,1.0,res/wall/水面/water.OGG,res/wall/水面/sm.png,0,2,2,1.3
level_0206.pt,water03_8.map,水面03,普通(normal),3,13,15,8,42,111,2,0,0.42471,1.0,res/wall/水面/water.OGG,res/wall/水面/sm.png,0,2,2,1.3
level_0207.pt,water04_8.map,水面04,普通(normal),4,13,15,8,54,76,0,0,0.620301,1.0,res/wall/水面/water.OGG,res/wall/水面/sm.png,0,2,2,1.3
level_0208.pt,water05_8.map,水面05,普通(normal),5,13,15,8,49,97,0,0,0.486009,1.0,res/wall/水面/water.OGG,res/wall/水面/sm.png,0,2,2,1.3
level_0209.pt,water06_8.map,水面06,普通(normal),6,13,15,8,32,96,1,0,0.491071,1.0,res/wall/水面/water.OGG,res/wall/水面/sm.png,0,2,2,1.3
level_0210.pt,water07_8.map,水面07,普通(normal),7,13,15,8,5,123,0,0,0.383275,1.0,res/wall/水面/water.OGG,res/wall/水面/sm.png,0,2,2,1.3
level_0211.pt,water08_8.map,水面08,普通(normal),8,13,15,8,25,117,4,0,0.40293,1.0,res/wall/水面/water.OGG,res/wall/水面/sm.png,0,2,2,1.3
level_0212.pt,water09_8.map,水面09,普通(normal),9,13,15,8,23,113,19,0,0.417193,1.0,res/wall/水面/water.OGG,res/wall/水面/sm.png,0,2,2,1.3
level_0213.pt,water10_8.map,水面10,普通(normal),10,13,15,8,33,87,4,0,0.541872,1.0,res/wall/水面/water.OGG,res/wall/水面/sm.png,0,2,2,1.3
level_0214.pt,water11_8.map,水面11,普通(normal),11,13,15,8,28,45,2,0,1.0,0.954545,res/wall/水面/water.OGG,res/wall/水面/sm.png,0,3,3,1.3
level_0215.pt,water12_8.map,水面12(道具场),普通(normal),16,13,15,8,16,38,2,0,1.0,0.806061,res/wall/水面/water.OGG,res/wall/水面/sm.png,0,3,3,1.3
level_0216.pt,water13_8.map,水面13,普通(normal),13,13,15,8,23,95,0,0,0.496241,1.0,res/wall/水面/water.OGG,res/wall/水面/sm.png,0,2,2,1.3
level_0217.pt,water14_8.map,水面14,普通(normal),14,13,15,8,23,95,0,0,0.496241,1.0,res/wall/水面/water.OGG,res/wall/水面/sm.png,0,2,2,1.3
level_0218.pt,water15_8.map,水面15,普通(normal),15,13,15,8,28,77,0,0,0.612245,1.0,res/wall/水面/water.OGG,res/wall/水面/sm.png,0,2,2,1.3
level_0219.pt,water16_8.map,水面17,普通(normal),17,13,15,8,83,16,0,0,1.0,0.339394,res/wall/水面/water.OGG,res/wall/水面/sm.png,0,3,3,1.3
level_0220.pt,water17_8.map,水波漩涡,普通(normal),18,13,15,8,23,77,1,0,0.612245,1.0,res/wall/水面/water.OGG,res/wall/水面/sm.png,0,2,2,1.3
level_0221.pt,water18_8.map,水之牢,普通(normal),19,13,15,8,18,80,1,0,0.589286,1.0,res/wall/水面/water.OGG,res/wall/水面/sm.png,0,2,2,1.3
level_0222.pt,water19_8.map,灵动水面,普通(normal),20,13,15,8,10,68,12,0,0.693277,1.0,res/wall/水面/water.OGG,res/wall/水面/sm.png,0,2,2,1.3
level_0223.pt,water20_8.map,热吻,普通(normal),21,13,15,8,6,90,11,0,0.52381,1.0,res/wall/水面/water.OGG,res/wall/水面/sm.png,0,2,2,1.3
level_0224.pt,water21_8.map,水上热力,普通(normal),22,13,15,8,9,84,4,0,0.561224,1.0,res/wall/水面/water.OGG,res/wall/水面/sm.png,0,2,2,1.3
level_0225.pt,water22_8.map,海洋之声,普通(normal),23,13,15,8,10,113,0,0,0.417193,1.0,res/wall/水面/water.OGG,res/wall/水面/sm.png,0,2,2,1.3
level_0226.pt,water23_8.map,水面23,普通(normal),24,13,15,8,12,83,4,0,0.567986,1.0,res/wall/水面/water.OGG,res/wall/水面/sm.png,0,2,2,1.3
level_0227.pt,water25_4.map,爱的结晶,普通(normal),25,13,15,4,22,60,0,0,0.785714,1.0,res/wall/水面/water.OGG,res/wall/水面/sm.png,0,2,2,1.3
level_0228.pt,water26_8.map,心心相映,普通(normal),26,13,15,8,6,72,2,0,0.654762,1.0,res/wall/水面/water.OGG,res/wall/水面/sm.png,0,2,2,1.3
level_0229.pt,water27_8.map,水面奇缘,普通(normal),27,13,15,8,14,93,8,0,0.506912,1.0,res/wall/水面/water.OGG,res/wall/水面/sm.png,0,2,2,1.3
level_0230.pt,water28_8.map,海冰之湾,普通(normal),28,13,15,8,22,60,1,0,0.785714,1.0,res/wall/水面/water.OGG,res/wall/水面/sm.png,0,2,2,1.3
level_0231.pt,box01_8.map,箱亲箱爱,推箱子(box),1401,13,15,8,8,92,7,92,0.512422,1.0,res/wall/比武/T1.ogg,res/wall/比武/bw.png,0,2,2,1.3
level_0232.pt,box02_8.map,箱路,推箱子(box),1402,13,15,8,16,55,5,55,0.857143,1.0,res/wall/比武/T2.ogg,res/wall/比武/bw.png,0,2,2,1.3
level_0233.pt,box03_8.map,游乐场,推箱子(box),1403,13,15,8,15,82,4,81,0.574913,1.0,res/wall/比武/T2.ogg,res/wall/比武/bw.png,0,2,2,1.3
level_0234.pt,box04_8.map,占箱为王,推箱子(box),1404,13,15,8,0,85,4,85,0.554622,1.0,res/wall/比武/T1.ogg,res/wall/比武/bw.png,0,2,2,1.3
level_0235.pt,box05_6.map,心心箱印,推箱子(box),1405,13,15,8,17,93,11,93,0.506912,1.0,res/wall/比武/T1.ogg,res/wall/比武/bw.png,0,2,2,1.3
level_0236.pt,box06_6.map,e箱情愿,推箱子(box),1406,13,15,8,5,108,4,108,0.436508,1.0,res/wall/比武/T3.ogg,res/wall/比武/bw.png,0,2,2,1.3
level_0237.pt,box07_8.map,箱棋,推箱子(box),1407,13,15,8,13,70,4,70,0.673469,1.0,res/wall/比武/T3.ogg,res/wall/比武/bw.png,0,2,2,1.3
level_0238.pt,box08_8.map,无极,推箱子(box),1408,13,15,8,2,65,4,65,0.725275,1.0,res/wall/比武/T2.ogg,res/wall/比武/bw.png,0,2,2,1.3
level_0239.pt,box09_8.map,贪吃蛇,推箱子(box),1409,13,15,8,0,83,4,83,0.567986,1.0,res/wall/比武/T3.ogg,res/wall/比武/bw.png,0,2,2,1.3
level_0240.pt,empty_scene,空场景,open(空场景),0,13,15,2,0,0,0,0,0.0,0.0,res/wall/中国城/town.ogg,res/wall/中国城/town.png,0,8,6,1.68
